id,name
1,Patrick
2,Isaac
3,Julia
4,Luke
5,Mittie
6,Derrick
7,Winnie
8,Marion
9,Travis
10,Glen
11,Nancy
12,Emilie
13,Amy
14,Clayton
15,Maude
16,Glenn
17,Timothy
18,Walter
19,Bill
20,Annie
21,Nathan
22,Jeanette
23,James
24,Mathilda
25,Edith
26,Miguel
27,Stella
28,Darrell
29,Henry
30,Mike
31,Louise
32,Janie
33,Chester
34,Rosalie
35,Emma
36,Fred
37,Juan
38,Marvin
39,Clyde
40,Marvin
41,Bertha
42,Evan
43,Rosetta
44,Hunter
45,Rosa
46,Bettie
47,Patrick
48,Gussie
49,Timothy
50,Bradley
51,Ellen
52,Ronald
53,Carlos
54,Oscar
55,Mason
56,Aaron
57,Iva
58,Gabriel
59,Stanley
60,Nina
61,Ada
62,Paul
63,Flora
64,Rena
65,Lettie
66,Lena
67,Justin
68,Cornelia
69,Lucinda
70,Trevor
71,Bessie
72,Hettie
73,Jennie
74,Isaac
75,Sean
76,Edith
77,James
78,Olga
79,Miguel
80,Barry
81,Laura
82,Chester
83,Nelle
84,Clayton
85,Joseph
86,Antonio
87,Alta
88,Kyle
89,Estella
90,Jeanette
91,Callie
92,Fannie
93,Ethel
94,Eleanor
95,Mina
96,Gregory
97,Jeremy
98,Flora
99,Joseph
100,Nellie
101,Ina
102,Earl
103,Ronald
104,Jack
105,Mabelle
106,Jay
107,Hettie
108,Alejandro
109,Kevin
110,Mario
111,Hester
112,Jack
113,Christian
114,Bessie
115,Marvin
116,Christian
117,Mathilda
118,Donald
119,Ina
120,Anthony
121,Lela
122,Eva
123,Lula
124,Sadie
125,Betty
126,Frank
127,Austin
128,Jean
129,Tom
130,Sam
131,Jeff
132,Lee
133,Evelyn
134,Randall
135,Annie
136,Elva
137,Etta
138,Lettie
139,Warren
140,Gregory
141,Allen
142,Bessie
143,Rosetta
144,Glen
145,Phoebe
146,Jeffrey
147,Maud
148,Cordelia
149,Mabel
150,Leila
151,Matthew
152,Howard
153,Hulda
154,Christian
155,Joel
156,Ian
157,Theodore
158,Mollie
159,Inez
160,Franklin
161,Gerald
162,Miguel
163,Dale
164,Mattie
165,Cody
166,Maurice
167,Lucas
168,Thomas
169,Alejandro
170,Lelia
171,Eliza
172,Estella
173,Lillie
174,Jacob
175,Jason
176,Jeff
177,Mildred
178,Mabelle
179,Ricky
180,Hunter
181,Maria
182,Delia
183,Steven
184,Clayton
185,Rhoda
186,Amy
187,Eleanor
188,Nellie
189,Luella
190,Lenora
191,Victor
192,Edith
193,Shawn
194,Russell
195,Franklin
196,Effie
197,Addie
198,Frances
199,Ella
200,Jane
201,Steven
202,Dollie
203,Nellie
204,Pauline
205,Callie
206,Trevor
207,Lettie
208,Gene
209,Sally
210,Emily
211,Jeff
212,Corey
213,Alejandro
214,Manuel
215,Austin
216,Aaron
217,Oscar
218,Miguel
219,Ellen
220,Hester
221,Jeffrey
222,Theresa
223,Adam
224,Keith
225,Randall
226,Jesus
227,Eugenia
228,Myrtle
229,Dylan
230,Adam
231,Etta
232,Marvin
233,Marguerite
234,Effie
235,Ruby
236,Gordon
237,Christine
238,Evelyn
239,Jeff
240,Hannah
241,Douglas
242,Alice
243,Leon
244,Gary
245,Frank
246,Rebecca
247,Randy
248,Mollie
249,George
250,Ophelia
251,Phoebe
252,Richard
253,Jeffrey
254,Myra
255,Callie
256,Leona
257,Luis
258,Beulah
259,Ora
260,Marion
261,Mitchell
262,Cole
263,Nelle
264,Dominic
265,Hunter
266,Noah
267,Jay
268,Harriett
269,Lilly
270,Loretta
271,Chris
272,Emily
273,Paul
274,Lloyd
275,Winifred
276,Katherine
277,Wesley
278,Tyler
279,Eleanor
280,Katharine
281,Emilie
282,Jordan
283,Jimmy
284,Marian
285,Aaron
286,Louisa
287,Adeline
288,Lucy
289,Timothy
290,Roger
291,Eula
292,Sam
293,Randy
294,Louis
295,Billy
296,Stephen
297,Ola
298,Brian
299,Edna
300,Alan
301,Stella
302,Genevieve
303,Teresa
304,Fannie
305,Francis
306,Leon
307,Lee
308,Sophia
309,Sally
310,Matthew
311,Mittie
312,Kyle
313,Vera
314,Vera
315,Marie
316,Kevin
317,Isaiah
318,Virginia
319,Jackson
320,Gilbert
321,Cole
322,Willie
323,Rodney
324,Daisy
325,Jayden
326,Lillian
327,Ralph
328,Viola
329,Trevor
330,Anne
331,Max
332,Keith
333,Inez
334,Lillian
335,Trevor
336,Warren
337,Della
338,Willie
339,Catherine
340,Chase
341,Alan
342,Alta
343,Leah
344,Rosie
345,Alma
346,Catherine
347,Frances
348,Angel
349,Devin
350,Maria
351,Adelaide
352,Lina
353,Frank
354,Tom
355,Hattie
356,Adam
357,Nicholas
358,Rosie
359,Johnny
360,Louisa
361,Mary
362,Ray
363,Hunter
364,Nannie
365,Nathan
366,Ada
367,Gordon
368,William
369,Olivia
370,Victoria
371,Violet
372,Lilly
373,Leah
374,Jane
375,Charlotte
376,Ernest
377,Joseph
378,Mike
379,Adelaide
380,Maria
381,Mattie
382,Clayton
383,David
384,Jason
385,Jesus
386,Hettie
387,Tommy
388,Mark
389,Shawn
390,Connor
391,Lillian
392,Christina
393,Adeline
394,Blake
395,Harriet
396,Howard
397,Irene
398,Willie
399,Susie
400,Elijah
401,William
402,Gerald
403,Johnny
404,Calvin
405,Jayden
406,Lulu
407,Ernest
408,Leroy
409,Devin
410,Adeline
411,Mattie
412,Jimmy
413,Sophia
414,Eula
415,Lester
416,Charlie
417,Grace
418,Rosa
419,Francisco
420,Ryan
421,Steven
422,Dylan
423,Justin
424,Oscar
425,Winifred
426,Victoria
427,Floyd
428,Clara
429,George
430,Eunice
431,Howard
432,Daniel
433,Frances
434,Brandon
435,Aiden
436,Duane
437,Jason
438,Jean
439,Alma
440,Francis
441,Rodney
442,Ora
443,Brandon
444,Minerva
445,Ruth
446,Kevin
447,Myrtle
448,Jeremy
449,Bess
450,Helena
451,Lillian
452,Elijah
453,Allen
454,Earl
455,Bessie
456,Edwin
457,Nora
458,Beulah
459,Caleb
460,Gilbert
461,Terry
462,Henrietta
463,Winifred
464,Elijah
465,Henrietta
466,Gerald
467,Tommy
468,Lucille
469,Nannie
470,Lloyd
471,Jennie
472,Zachary
473,Jeffrey
474,Linnie
475,Caleb
476,Noah
477,Mamie
478,Cameron
479,Mable
480,Thomas
481,Kate
482,Clarence
483,Essie
484,Angel
485,Douglas
486,Susie
487,David
488,Bruce
489,Hettie
490,Mildred
491,Ellen
492,Olive
493,Louisa
494,Martin
495,Ricardo
496,Harriett
497,Russell
498,Matthew
499,Ethan
500,Carl
501,Bettie
502,Mamie
503,Jayden
504,Ian
505,Cody
506,Luke
507,Marie
508,Frederick
509,Essie
510,Leon
511,Amelia
512,Phillip
513,Mittie
514,Allen
515,Essie
516,Edith
517,John
518,Randy
519,Fred
520,Edgar
521,Lee
522,Lloyd
523,Eunice
524,Mark
525,Ernest
526,Clyde
527,Christina
528,Dustin
529,Johanna
530,Helena
531,Jessie
532,Ina
533,Jorge
534,Seth
535,Nell
536,Lucas
537,Minnie
538,Travis
539,Ray
540,Bryan
541,Chase
542,Violet
543,Hannah
544,Verna
545,Della
546,Bess
547,Margaret
548,Timothy
549,Myrtle
550,Victor
551,Tillie
552,Harriett
553,Eugene
554,Donald
555,Mabelle
556,Lee
557,Myrtie
558,Sylvia
559,Sean
560,Ryan
561,Lawrence
562,Jacob
563,Carlos
564,Norman
565,Connor
566,Emily
567,Francis
568,Edgar
569,Marc
570,Jimmy
571,Edgar
572,Winnie
573,Isabel
574,Grace
575,Mittie
576,Zachary
577,Ricky
578,Jackson
579,Sam
580,Laura
581,Lizzie
582,Viola
583,Cecilia
584,Pauline
585,Eugenia
586,Caleb
587,Harry
588,Brent
589,Olga
590,Samuel
591,Ellen
592,Shane
593,Martha
594,Cordelia
595,Addie
596,Herman
597,Elsie
598,Raymond
599,Dennis
600,Dominic
601,Landon
602,Margaret
603,Helen
604,Oscar
605,Cynthia
606,Nathan
607,Clarence
608,Nancy
609,Abbie
610,Jon
611,Leroy
612,Elva
613,Alex
614,Clifford
615,Jimmy
616,Mario
617,May
618,Leah
619,Philip
620,Phillip
621,Harriet
622,Cynthia
623,Derrick
624,Gilbert
625,Alice
626,Lillian
627,Lee
628,Alice
629,Harvey
630,Dorothy
631,Leah
632,Wayne
633,Norman
634,Tony
635,Cordelia
636,Edgar
637,Mason
638,Ricky
639,Callie
640,Cecilia
641,Jacob
642,Caleb
643,Florence
644,Dorothy
645,Ora
646,Randall
647,Marie
648,Olga
649,Blake
650,Sara
651,Alice
652,Hunter
653,Derrick
654,Fanny
655,Harold
656,Sean
657,Violet
658,Jim
659,Beatrice
660,Oscar
661,Marcus
662,Logan
663,Jerome
664,Josie
665,Jon
666,Alice
667,Grace
668,Myrtie
669,Scott
670,Francis
671,Zachary
672,Bobby
673,Douglas
674,Dennis
675,Lydia
676,Katherine
677,Owen
678,Gussie
679,Bettie
680,Gertrude
681,Eddie
682,Lee
683,Vernon
684,Nell
685,Gerald
686,David
687,Trevor
688,Cecelia
689,Ina
690,Cecelia
691,Callie
692,Cody
693,Frank
694,Isabella
695,Lucille
696,Rosie
697,Virgie
698,Lucille
699,Lela
700,Georgia
701,Mayme
702,Johanna
703,Isaiah
704,Sophia
705,Peter
706,Genevieve
707,Marie
708,Eugene
709,Chris
710,Douglas
711,Lulu
712,Adele
713,Ricky
714,Leon
715,Ida
716,Blanche
717,Edith
718,Sally
719,Susan
720,Francis
721,Belle
722,Curtis
723,Alma
724,Maud
725,Warren
726,Mike
727,Calvin
728,Dominic
729,Dustin
730,Susan
731,Ralph
732,Troy
733,Alfred
734,Claudia
735,Jane
736,Estelle
737,Charlotte
738,Bradley
739,Alma
740,Sean
741,Winnie
742,Dylan
743,Nina
744,Edna
745,Linnie
746,Jordan
747,Ian
748,Daniel
749,Marcus
750,Cornelia
751,Steven
752,Belle
753,Maud
754,Lewis
755,Nellie
756,Lily
757,Sean
758,Andre
759,Dominic
760,Marvin
761,Dale
762,Callie
763,Sadie
764,Emily
765,Corey
766,Bobby
767,Landon
768,Gussie
769,Cameron
770,Vincent
771,Adam
772,Roy
773,Mitchell
774,Marcus
775,Clyde
776,Lily
777,Peter
778,Olive
779,Celia
780,Julian
781,Genevieve
782,Allie
783,Noah
784,Inez
785,Lela
786,Carlos
787,Russell
788,Adrian
789,Bessie
790,Olga
791,Charles
792,Gerald
793,Lula
794,Bess
795,Willie
796,Manuel
797,Owen
798,Jack
799,Ollie
800,Bessie
801,Lucy
802,Ricky
803,Marcus
804,Viola
805,Leroy
806,Janie
807,Stella
808,Bertha
809,Beulah
810,Aiden
811,Mabelle
812,Maurice
813,Nannie
814,Terry
815,Clyde
816,Mina
817,Lois
818,Georgie
819,Esther
820,Samuel
821,Lura
822,Isabella
823,Steve
824,Janie
825,Johnny
826,Estella
827,Ora
828,Louisa
829,Ollie
830,Winifred
831,Theresa
832,Belle
833,Wesley
834,Charlotte
835,Blake
836,Edna
837,Bettie
838,Bobby
839,Antonio
840,Rosetta
841,Clayton
842,Nathaniel
843,Luis
844,Francisco
845,Jeffery
846,Betty
847,Henrietta
848,Ruby
849,Hannah
850,Clifford
851,Ethan
852,Shane
853,Abbie
854,Jimmy
855,Adele
856,Jacob
857,Christian
858,Rodney
859,Christian
860,Estella
861,Isabella
862,Francis
863,Mayme
864,Lenora
865,Duane
866,Roger
867,May
868,Olivia
869,Jennie
870,Lou
871,Charlotte
872,Luella
873,Daisy
874,Devin
875,Mayme
876,Harvey
877,Marion
878,Eula
879,Tom
880,Adelaide
881,Katharine
882,Harold
883,Victoria
884,Isaac
885,Bobby
886,Cora
887,Ryan
888,Jackson
889,Andrew
890,Mina
891,Mabel
892,Gregory
893,Pearl
894,Norman
895,Emilie
896,Inez
897,Oscar
898,Arthur
899,Oscar
900,Willie
901,Mae
902,Harvey
903,Kenneth
904,Susan
905,Henry
906,Donald
907,Nora
908,Angel
909,Mollie
910,Christian
911,Matilda
912,Tom
913,Willie
914,Nannie
915,Mae
916,Tony
917,Hettie
918,Elizabeth
919,Agnes
920,Trevor
921,Augusta
922,Wayne
923,Fanny
924,Nelle
925,Cora
926,Annie
927,Joseph
928,Marguerite
929,Chase
930,Manuel
931,Elizabeth
932,Ellen
933,Dustin
934,Nancy
935,Glenn
936,Tyler
937,Caleb
938,Jeremy
939,Cecelia
940,Clara
941,Paul
942,Laura
943,Jessie
944,Myrtle
945,Beulah
946,Bertha
947,Evelyn
948,Evelyn
949,Lulu
950,Victoria
951,Joshua
952,John
953,Bryan
954,Jon
955,Alex
956,Inez
957,Adelaide
958,Gregory
959,Sean
960,Wayne
961,Cecelia
962,Marvin
963,Keith
964,Susie
965,Floyd
966,Sara
967,Bertie
968,Dollie
969,Francis
970,Eula
971,Kevin
972,Johanna
973,Don
974,Jessie
975,Franklin
976,Nancy
977,Joe
978,Luke
979,Eddie
980,Carlos
981,Norman
982,Eleanor
983,Harry
984,Randall
985,Cecilia
986,Calvin
987,Christian
988,Ronnie
989,Mason
990,Olivia
991,Fanny
992,Barbara
993,Edgar
994,Dora
995,Bernice
996,Clyde
997,Mitchell
998,Mollie
999,Vera
1000,Lizzie
